content_type,description,link,Tag1,Tag2,Tag3,Tag4,Tag5
new_model,"OpenAI is developing an AI agent to automate senior software engineering tasks, facing data challenges.",https://url3396.theinformation.com/ls/click?upn=u001.71kYkaWDpGOJSzbGrs4y1TNF0-2FB-2Bh5pDUdkL0JSEoBmbIlaCwUAb-2B2vhxG1AFBaNVOtipDHSJ-2BrziV2JsbmAxpSWODMVeHjzmYEdOBZ729f3RL4bRGZcXJHUH8g-2BoAIX3qoUJhwDliN7MeBfavSSfU4HpCuIAGbET91WYrEpaiU9SVznH6dZy599ZJ4rln67UvwepBLSuN6IGQ8J9uuSUxqD2AnWmZgG9woZ5EqowyLhFyQMO98E-2FHc2H28OlPOI28TF2YbCkqi63Dh5Q7FLbw-3D-3D5EUD_iEov0s5HvVnGoiYJdVyZps-2F8PjnnqKoLDpY2honFu2U45V0jv994vXrML8Mj3ERHptyRu-2FsM1dp2-2BxjlGGKCx2A3DPy7dVIw0SEywxT3ZIFsZcZOMNOAKK0cfcShlxLY5EwN1zfDwbCOhA40KtnaopKbeANuMG5qzE9-2FiXkf0y8fnNLHWmN01MymZ8k5ZEOo6j0oIOxI7ourCoYY-2Fmapdnx4-2FbAqdFSaiOJF0dZE-2Bb7NS2xJbEn-2F0aCCvlfOR7CLnj2rOKDksZ-2FERH-2Fy5PuTiY3pFexwFj3YW7oDY9fkbLHm2-2FSHDR8MhfKAXXhmfTKbs-2B-2BVqV1VEbWIHjDkqOtsdQ-3D-3D,AI Agent,Software Engineering,Automation,Code Refactoring,Data Training
funding,"Oracle, SoftBank, and OpenAI commit $500B to build AI data centers, Stargate, for medicine.",https://url3396.theinformation.com/ls/click?upn=u001.71kYkaWDpGOJSzbGrs4y1TNF0-2FB-2Bh5pDUdkL0JSEoBmbIlaCwUAb-2B2vhxG1AFBaNo6l1XGxwSGaIHKMfcQyO4gCso9cSFmVmODZsHJhk4ph6KHuH3r2B306vs409j5uyHpWhTDHb3pXJAYheKFQo2cCX5R-2BnFuuK8Dnu6g1jqogLQz1RSiluvhx17qz2YgGBaQSoyuzeRTBOPQhBMa32jvJvwv1Q3ChzmoV-2B57oh219837xQO3ONyXmGhJSRi1-2B7-2F-2BZsNJ6QasSMdhBMb3Yo4w-3D-3DHF5r_iEov0s5HvVnGoiYJdVyZps-2F8PjnnqKoLDpY2honFu2U45V0jv994vXrML8Mj3ERHptyRu-2FsM1dp2-2BxjlGGKCx2A3DPy7dVIw0SEywxT3ZIFsZcZOMNOAKK0cfcShlxLY5EwN1zfDwbCOhA40KtnaopKbeANuMG5qzE9-2FiXkf0y8fnNLHWmN01MymZ8k5ZEOocfSCeojulTv-2FqKtH5HyWylIrXU8Em6DvQZ5vHIRsCz9JvczOH8NVoCLYtTKi-2FSQaiPA2qwCFTuynZ6SyC3y0L2-2FzLv4F5d-2Fk-2BloYq2nomIEWXH6a4X6mmT4rJM3ZgZTZaiyqBlzq3y19U-2BcVa2ZrDg-3D-3D,AI infrastructure,Data Centers,Medicine,Oracle,SoftBank
new_model,Google Cloud predicts 5 AI trends shaping financial services in 2025.,https://url3396.theinformation.com/ls/click?upn=u001.71kYkaWDpGOJSzbGrs4y1TNF0-2FB-2Bh5pDUdkL0JSEoBktahOKn6t4gN5PLT1hemN-2Flrfxbp7MxcRZU6MISSiMHCLoIN44WGKejGmxd2pmaHrbZn-2BlGccJ2c9IuAYUs1N3BrytlvUQnDjeuOzxq1SBX2G-2B-2FoSXbc-2Fttwl9dZJmjfxppzmdZXZTN2wIftFUYySU-2BLjI6lX-2BBPlkHxTR251erg-3D-3DEal3_iEov0s5HvVnGoiYJdVyZps-2F8PjnnqKoLDpY2honFu2U45V0jv994vXrML8Mj3ERHptyRu-2FsM1dp2-2BxjlGGKCx2A3DPy7dVIw0SEywxT3ZIFsZcZOMNOAKK0cfcShlxLY5EwN1zfDwbCOhA40KtnaopKbeANuMG5qzE9-2FiXkf0y8fnNLHWmN01MymZ8k5ZEOoyND7Mh-2BN0zKGHrIGi4dfRpjqmyOHski-2BGztdHk4bzNa6PVXeRVbOL81srHkaEWOqbwJSH91NIrXm08253lNL76smAbT2zNV1M5bkAxxdDrtm3MFQNXLOBxXgF-2BPFsWIh4nOkGHDi5RskpwaP-2F4Ilhw-3D-3D,Multimodal AI,AI Agents,Assistive Search,AI-Powered CX,AI Security
new_model,"DeepSeek, a Chinese AI startup, competes with Silicon Valley giants.",https://url3396.theinformation.com/ls/click?upn=u001.71kYkaWDpGOJSzbGrs4y1RC1PrP95bLfRC-2F8W2f7-2Bh8DUSMkZ6aqI4aXwTi7RH8uIicqXJlfFEk3PZHTy-2Fae6qivWwXvDsUe7S2ZlRLqTGi3ORZVsKlt2XZp3Jj6dvKSb9CY9xNE1kqwEx95EA6q57SAabm7CzSzGV6JViSBFqoh5rhV23f0LLrjZXmE-2F5EWE5NFykWv2z34L0fL1cNZ37JVnhVoTgiVfGh5pfQ5GcE-3DcV2y_iEov0s5HvVnGoiYJdVyZps-2F8PjnnqKoLDpY2honFu2U45V0jv994vXrML8Mj3ERHptyRu-2FsM1dp2-2BxjlGGKCx2A3DPy7dVIw0SEywxT3ZIFsZcZOMNOAKK0cfcShlxLY5EwN1zfDwbCOhA40KtnaopKbeANuMG5qzE9-2FiXkf0y8fnNLHWmN01MymZ8k5ZEOo93-2BzCQsoLob-2BWQPFZC7mK-2F-2F68MbUbshFHGkkLjOosNyFyGEkeLzxdSj6iz820r-2B9k4ex5V3VLe27YJ2DK9nEtzN8px1e2Tkc9Z7qZH1XqESafjoUcCPQpoBDOCq4hk5bopBNAKXH7Qm3WzHyOPov2w-3D-3D,Chinese AI,AI Startups,Silicon Valley,AI Competition,DeepSeek
new_model,Yann LeCun predicts new AI architectures paradigm within 5 years.,https://url3396.theinformation.com/ls/click?upn=u001.71kYkaWDpGOJSzbGrs4y1ffQOdjYbyCQvvb6KyLNEjEReWOwa6ZNQj-2BU42kk9sb5y5Ejf-2B7hECMyKpJmQr4GmPi4BrJbsnQx-2BfChI-2BBjv6U59P-2FpNggTzlDLoWXjlrOhbKGOQOg16b6cHkkUbIwvJ-2BjcPtRzX6KwO6duRAc2vV8eUeqVC4nW10bpzDNA-2F50HPxGSm2pLG3N-2FmN8NNca4EmqDj77zlsY5mF9oyWjeM7IL-2B0-2FVEBAZZE-2F84vwc0QywL9zStgy8Uh5TnYjBgAf2gTJOldrTV-2BYNo1C7WdRKb6o-3DlVZO_iEov0s5HvVnGoiYJdVyZps-2F8PjnnqKoLDpY2honFu2U45V0jv994vXrML8Mj3ERHptyRu-2FsM1dp2-2BxjlGGKCx2A3DPy7dVIw0SEywxT3ZIFsZcZOMNOAKK0cfcShlxLY5EwN1zfDwbCOhA40KtnaopKbeANuMG5qzE9-2FiXkf0y8fnNLHWmN01MymZ8k5ZEOojtLcqibgs6Ieh6gesQB4NZv3R-2FUH6KKppC3eAR0z50O2sHeCgVuqZMrupvTedoV-2FKHgwM3Tz0tPg-2Bc9Kq96lhENkfwLl4kSfC83Gua-2BR-2Bq3s4pCrVrkvheXLlOpxMfDOhw8l5K0VKvyf4I6s2VHQfg-3D-3D,AI Architectures,Yann LeCun,AI Paradigm,Meta AI,Future of AI
new_model,Discussion on an OpenAI math test that raises concerns.,https://url3396.theinformation.com/ls/click?upn=u001.71kYkaWDpGOJSzbGrs4y1RC1PrP95bLfRC-2F8W2f7-2Bh8DUSMkZ6aqI4aXwTi7RH8uFoMoZVb-2BkVijEgQQncqG30U9dlrC18p76dRmu28eLi-2Ffb6HaUtvNt3T6nptLWIUXpStr49LSvyyjMtFQDbzkZWTNlSz8shjHB5VI-2B7597dQwaHST4oNENoQT9mLIjDB08d6EcCNNcKwYwsFnbXP25r2EohqigHPBoyzCtBt016c-3DAJ8-_iEov0s5HvVnGoiYJdVyZps-2F8PjnnqKoLDpY2honFu2U45V0jv994vXrML8Mj3ERHptyRu-2FsM1dp2-2BxjlGGKCx2A3DPy7dVIw0SEywxT3ZIFsZcZOMNOAKK0cfcShlxLY5EwN1zfDwbCOhA40KtnaopKbeANuMG5qzE9-2FiXkf0y8fnNLHWmN01MymZ8k5ZEOo4tMR8QaQ532XoPoQwbmJWbk3RCweonPOTLwyNF5ne1YsNJOA-2FS2pwHo66ka5TSB0D6j5vBxwkrxwJyOcnAtA16ufn-2FXK-2Fm9QRQJI6KC6YWxqbnm6fiTkc3wtet5y0r-2BDQV-2BizbfsllVe6wi7-2Fe8-2Bdw-3D-3D,OpenAI,Math Test,AI Evaluation,AI Performance,AI Limitations
new_model,Discussion on how generative AI affects learning motivation.,https://url3396.theinformation.com/ls/click?upn=u001.71kYkaWDpGOJSzbGrs4y1aYElS7sBzGLQeQOnZ5Pj7aH3jSkW4USfaXZLWPP4ZAL1LW81Uzum8i5jU-2FvaDH5wEXdMfSLhprQ6e-2FRV7LWI4QZ2g9DsrThz2IT2KYwOFdJtZE1VPbFYwOTNkXHIzvh6PpUNkp2l3jLU1h8FGgc6Hd1K1AfmHylkQtkr25CSpwYuGl-2BYPoe8RAHx0OY06ktKeha66eEKsQRKjM2H4STXuI-3DpYqm_iEov0s5HvVnGoiYJdVyZps-2F8PjnnqKoLDpY2honFu2U45V0jv994vXrML8Mj3ERHptyRu-2FsM1dp2-2BxjlGGKCx2A3DPy7dVIw0SEywxT3ZIFsZcZOMNOAKK0cfcShlxLY5EwN1zfDwbCOhA40KtnaopKbeANuMG5qzE9-2FiXkf0y8fnNLHWmN01MymZ8k5ZEOoH6rKEDPSh6SwXFuDqxOCBXqRNgInVnsB6MSCZs0hT-2BCRWn5cX1A0a4MVae6-2F42k9hHK4xgqEubDJOx1CuV8IDXeKVhHGdlIWJatuExu9lmuxZ9CvI4PSXOkWS8ag63dGXcwYiNOi-2Fk9cTbzd52S5CQ-3D-3D,Generative AI,Learning Motivation,AI Impact,Metacognition,Education
course,"AI Agenda Live event in SF on Feb 27, 2025, to discuss AI's future.",https://url3396.theinformation.com/ls/click?upn=u001.71kYkaWDpGOJSzbGrs4y1TNF0-2FB-2Bh5pDUdkL0JSEoBkEIPUtIoWXbN9lBo-2FxnTE-2BZ1TyCAqXIk-2F6aLlWJFWriS19jlFurkwHN-2B0cVp4cYHufqRquDnUUjbkxlxHtetBgyCYAMZ6nrMd4R4B3Vexr0wLaPjpEyGBo-2Fv5uGp-2F87Di4cwoOAyjhbsptwQ0Nz6-2BSipzm7-2FglpBXaVf78K0NKZA-3D-3D94x2_iEov0s5HvVnGoiYJdVyZps-2F8PjnnqKoLDpY2honFu2U45V0jv994vXrML8Mj3ERHptyRu-2FsM1dp2-2BxjlGGKCx2A3DPy7dVIw0SEywxT3ZIFsZcZOMNOAKK0cfcShlxLY5EwN1zfDwbCOhA40KtnaopKbeANuMG5qzE9-2FiXkf0y8fnNLHWmN01MymZ8k5ZEOoTQ-2B0vdIy3r89ao5giwVm5vmR2NhOAIt2KHC9uLX3B8DWCFl8Uf5mg6Aoks8PYkXRcgeUqq-2FQTAYPEB-2BKSRk9Q2EX7W0XRkLxFstBXXvxL-2FMZALzmqXNEdcl6hGeXD7mtP0XBihPHez-2BFzFe3ltBn0w-3D-3D,AI event,AI leaders,AI future,San Francisco,AI industry
product_or_tool,Grammarly is developing AI bots for proactive document suggestions.,https://url3396.theinformation.com/ls/click?upn=u001.71kYkaWDpGOJSzbGrs4y1TNF0-2FB-2Bh5pDUdkL0JSEoBmN-2BtioNXgRiKmS6QeiVMUmf1kk36DAm-2FsCscr1R8-2FpHXzZj8DFSUZAew8jPs4IufBLI3wRAAXiAgWrU7vfVTXXLasIXio9VM0NZ40-2B2cK13WSstm8xm35SmtDD8whP8ag-3D6DtO_iEov0s5HvVnGoiYJdVyZps-2F8PjnnqKoLDpY2honFu2U45V0jv994vXrML8Mj3ERHo-2BROdctDEBpoawhoWbF6rs-2B2GZJ1KV2gVIdPwsc4sCUKK-2B50dFWBMMgmU33OHaE5REE2k2k5o45Y8medzhaW-2FTfCs4hDMhHclkL1OdKx2ZMy4NThoRA1gFbAjYpyJTBoHtC64qyeRKUoK-2FjBIQikqmDRejmsHu0fqk-2B7AseG-2Fofet6pYRsXCnRiHbucQjNfDp1Ff-2FEvgKJg6Z7DQ-2BCsR4BvIK99hfMnPJyNnEn-2FfMpEMtd1YvvVEN9AhuFyIxdkR-2BmdakfyKTeBVYN6jmPtUVQ-3D-3D,AI,Productivity,Grammarly,Document,Suggestions
new_model,Goldman Sachs uses AI to write 95% of IPO prospectuses.,https://url3396.theinformation.com/ls/click?upn=u001.71kYkaWDpGOJSzbGrs4y1UhSAYuEHfYWpT-2FI8hDIsPx04VKctfp5A2OEHEQxNC-2F82ZXebCt-2FQ-2B5feUUzuoquBcLqd4fJL6mRUOX8AqO59nstjmEHcqWTRe7ZARjNlU0zpxyWhfEPwSfKzXLFY5MagP-2B4VbbVa3Yck0ISSNyfCeb6RaFrGbAav7XZtsUJsQLP66J8AOi533l6It5YNhqwaA-3D-3DLpFc_iEov0s5HvVnGoiYJdVyZps-2F8PjnnqKoLDpY2honFu2U45V0jv994vXrML8Mj3ERHo-2BROdctDEBpoawhoWbF6rs-2B2GZJ1KV2gVIdPwsc4sCUKK-2B50dFWBMMgmU33OHaE5REE2k2k5o45Y8medzhaW-2FTfCs4hDMhHclkL1OdKx2ZMy4NThoRA1gFbAjYpyJTBoFIyAPo6OzYssnhlRyQjAComdMe44Y-2BBj4EvtsZ9weP76z8fR4Vm52lBZDcS-2FB-2F1Fn4YXU9jhfS3YUA5Hn9eGw1UkqRPQ7r4lsMH1fduceaz-2FSOjoTJ22r3WY4yEFX-2FijS9nmqZ6uBXeDHO0GHStw6w-3D-3D,AI,Goldman Sachs,IPO,Finance,Automation
new_model,Google Cloud's AI Trends in Financial Services for 2025.,https://url3396.theinformation.com/ls/click?upn=u001.71kYkaWDpGOJSzbGrs4y1TNF0-2FB-2Bh5pDUdkL0JSEoBktahOKn6t4gN5PLT1hemN-2FAYyXOKRWFra3jhC-2BZQM4QjKuXM4wDH3lFmXSvdCfRcJ-2FpFdtcCyDIpHWAOggo7J-2FaZYRSpyjFiXB99Id8kP5vSiRgwOHXy3qUxiGAdsj7u3-2FJ7ZmqhSOoPWYzJvxV373ChBPEF1SwwbA0EyPB3falw-3D-3DoLW3_iEov0s5HvVnGoiYJdVyZps-2F8PjnnqKoLDpY2honFu2U45V0jv994vXrML8Mj3ERHo-2BROdctDEBpoawhoWbF6rs-2B2GZJ1KV2gVIdPwsc4sCUKK-2B50dFWBMMgmU33OHaE5REE2k2k5o45Y8medzhaW-2FTfCs4hDMhHclkL1OdKx2ZMy4NThoRA1gFbAjYpyJTBoE6EbBSYMCai3Fh3hSf2AQQOTjKLTgdN7jp1u4m731PGBm0fQw-2BYYeH9ZRmJyaH1CLTnj-2B9d11XO8TJ6e0XfgnV3LKUTwIYPSEU9hRTXnn1buIhITveMHrZT1WlPdZa-2F3mMHs3RNwqUrW-2BDHhokPWaw-3D-3D,AI,Google Cloud,Finance,Trends,Multimodal AI
product_or_tool,Venture capital firms are using private equity-style roll-ups.,https://url3396.theinformation.com/ls/click?upn=u001.71kYkaWDpGOJSzbGrs4y1TNF0-2FB-2Bh5pDUdkL0JSEoBmbIlaCwUAb-2B2vhxG1AFBaN0YsbcuddvhXMHHtlHURcEiPRyb4AJhh4Np5ysU6jJ1-2BeTVrIz2noe6kH-2FYNz-2FmfmIdK-2Fy5aDOxWTokda7QdQSeoGXfdguiV6-2BsgPLm323ReGqBdMHNsOd5ivkHBs31PJYlVt4sFDGRDgo4Eq3698bhzGVceMNQMkEsQDJEcqPEAJYqeaaZIZEhuqutWAMYZ5Er-2FuSE-2FPcdTrslTQgIf-2F5Q-3D-3DIf8M_iEov0s5HvVnGoiYJdVyZps-2F8PjnnqKoLDpY2honFu2U45V0jv994vXrML8Mj3ERHo-2BROdctDEBpoawhoWbF6rs-2B2GZJ1KV2gVIdPwsc4sCUKK-2B50dFWBMMgmU33OHaE5REE2k2k5o45Y8medzhaW-2FTfCs4hDMhHclkL1OdKx2ZMy4NThoRA1gFbAjYpyJTBoD4j95yrFS56avWO-2FPYJqbR6-2FHomlUKCUbKT8SfPvfI4xF-2BL5N41dk7RORvQRgNf3qvy6MtMtHdAUBeAEAxwl1qnDXFz5y0m8fpSV3-2BFTg5KcwxpVqwrdW6SwSMmnYmr06QGLH5kizsHVR52TbHCO4g-3D-3D,Venture Capital,Private Equity,Roll-Ups,Finance,Investment
product_or_tool,Competitor of Scale AI doubles revenue using reasoning.,https://url3396.theinformation.com/ls/click?upn=u001.71kYkaWDpGOJSzbGrs4y1TNF0-2FB-2Bh5pDUdkL0JSEoBmbIlaCwUAb-2B2vhxG1AFBaN7eSE5JjR1P-2BvwbZsRQNy3LqbtfPhBbhh775Ds9A4ECykGgQG7iMWh-2FGLlEph32bA31E02cMQp6IjtBNJiHM4NoOSSC4EcNg9lVa1MfQRZw0Mst7mskw05wtK5S54RWmdyplF6E2Ga2hUDCIJNOu0RW6mZpj67kyS0wtI2VYZ5OefR5VkHTkX9AcAwqYDpiXt-2Bcbr7VzaYcp-2FxHAKq6RDnQ-3D-3DhAa__iEov0s5HvVnGoiYJdVyZps-2F8PjnnqKoLDpY2honFu2U45V0jv994vXrML8Mj3ERHo-2BROdctDEBpoawhoWbF6rs-2B2GZJ1KV2gVIdPwsc4sCUKK-2B50dFWBMMgmU33OHaE5REE2k2k5o45Y8medzhaW-2FTfCs4hDMhHclkL1OdKx2ZMy4NThoRA1gFbAjYpyJTBoJG0pa66qppSJNnxzR44plceiX5M4-2FMXw1SjN1Zv1VCp-2BTCS4vMzUUBSqFTZMzm58AyuKoMUH-2BdWgLZ0nlHc82osLxT2cx-2BeruPOKt3LH-2F-2FWXqRc7GvdCx0hHBnUkRhZA-2BxDYKQsS-2F-2FSl0l0zb-2BgrCQ-3D-3D,AI,Scale AI,Reasoning,Revenue,Machine Learning
book,Article: Can a Computer Learn to Speak Trader?,https://url3396.theinformation.com/ls/click?upn=u001.71kYkaWDpGOJSzbGrs4y1Z1xUfcQUlNFqlyUgdGCvbL7-2BI7Bacop4UnowfSq5ItqJp8XtqVgB4lpjMFxao5n9WwMEkXJsPg9Kt8-2FqCgzABJKevVVHm35-2FY1Bt9dgkSWV-2BfusdN-2Fu1ZcX-2F2BXdlR6n7TrPE-2BSmGTQKjoXLcEYZN9wW1iYkLT4YCzeWx5ILygmR9hWIvu2JxNzmffwR0l7KixkK1MFvYyvhp1pqtw-2F20McnNOpS1y-2FzmtTcz3eYem2PM5l_iEov0s5HvVnGoiYJdVyZps-2F8PjnnqKoLDpY2honFu2U45V0jv994vXrML8Mj3ERHo-2BROdctDEBpoawhoWbF6rs-2B2GZJ1KV2gVIdPwsc4sCUKK-2B50dFWBMMgmU33OHaE5REE2k2k5o45Y8medzhaW-2FTfCs4hDMhHclkL1OdKx2ZMy4NThoRA1gFbAjYpyJTBo24838HTPL1OPo4zEu2nnZdvehn-2F05QGxyuvEc32IzFN5x2sWHgtzM-2BxxfewFbBQ32LcKGcSS2H5YRcO8MtjpN9jYmkJDvJz-2B6lVBVgKbITqjTTYdoQMZFXWu-2BhTk9TfHM2RUFaP8AQS-2FLc4bxRvdRQ-3D-3D,AI,Trader,Finance,NLP,Language
book,Article: Legal AI Is Reaching Deep Into the Workplace,https://url3396.theinformation.com/ls/click?upn=u001.71kYkaWDpGOJSzbGrs4y1UhSAYuEHfYWpT-2FI8hDIsPxdYiBTp3p8HxBCOccnuM8GlLa0vdK-2FP3DzpjlE8hDnbehPJkT6AjAHFY-2FJtHgCAmximpU1w5j4AeV5Wq663VwflX5PUvCAVZnW-2BFOo27IBnn4YaAGwJnBrpGUWx6vNteahXuJVyGcP0K8SzP5SVaJkvMKitSI80kPF2VWlBDYtOg-3D-3DwW8O_iEov0s5HvVnGoiYJdVyZps-2F8PjnnqKoLDpY2honFu2U45V0jv994vXrML8Mj3ERHo-2BROdctDEBpoawhoWbF6rs-2B2GZJ1KV2gVIdPwsc4sCUKK-2B50dFWBMMgmU33OHaE5REE2k2k5o45Y8medzhaW-2FTfCs4hDMhHclkL1OdKx2ZMy4NThoRA1gFbAjYpyJTBogkDTWRQuZ1sCgmO1o8wT646O3xT-2BM9zueVWeZsq6M-2FMh9c4fm07aTz3Ysf9kz0smAEQlWr09dkFugFapebjKcO8QS5I-2BORK-2FNOrudN0yK7vb7-2B-2BF4DS238oMATMUeGnwY1nrmoN3hZJl67a-2B-2F6CY-2Fw-3D-3D,AI,Legal,Workplace,Automation,Law
course,Generative AI Cybersecurity & Privacy for Leaders specialization addresses AI's security challenges and provides tools.,https://eventing.coursera.org/redirect/NMueJGCii1pWATL3t0ZLrUuCRuAeT2cfF33bJh1znVVoK2ChSAAsY5_IXHQ49UM1zWgW_-BnqpZH-XY5Zb45WQ.9aDCgQUMkTzMIiaxoW63gA.koAR6ba-oEPD4bJdZPUWtQJ5LqKJQZl03fhRzvjcvSvUWoSE21n319Onzan46xiw4T9qFWw-U_Z1wMEzoQF7gZaYBNja6927RmNRwG_sTDPozV16bOAnRffxpcvY8n5gRtDDYlBb3ezQCYc-ZMdx3hT-4AmZyleUKoF22tx4JtbxtG3sHsHaN7Nxej-N7JpgAZXOBgx7X9rgwmAgTKH0B5z54Bamz9PBDhtyEftWz2j_rUQ3a_bMP34a60HMr3cmYUQ7Yy4vvv_Yt4OnBX32L1uhKEV82rx7TLW5T_3jFPiD_XVY9dIGpwXQisOan0lC7y7L8w5wFyQIb4HeKD0j88fEsibaFkTTs_ZMZt1lBHLLvg9GrYwzWb-L92MuA3LfyeKusgXR-tV44Q0XEWsNFCkEh-0YdqSN8_DOIqjgWIT4mjUEnPsZ_byvIAs7G5muiW7CGbziJjdLKr8cprOJfwdAvPUS_FQDj7Bixmx7mH86Av9gN-1yeG--cfYr9PmTw-WBmX8LaTqp6wGnQ9AtLEI7WwQmQLVxHlWYbxIWdb1EgQsZLs0vPVcNp1oRifDpxoFvNMhEAPg1-TuqKDhmRURAhUoJvsMT0z5PmHuejBBvgfVTNxf29GlYAy9fu1BdG3gDhImkIraeJ2m-aCBlvf8BHnOzVb9wOLjFibi6r0Xthyo2EfzbmPSO-4Of309_sO7poxBszrojGfXTUbjvu_EFp_gODSQ9nRoPI-8WW6Y,Generative AI,Cybersecurity,Privacy,Leadership,AI Risks
course,"A primer course on Generative AI Cybersecurity and Privacy for Leaders, covering vulnerabilities like prompt injection.",https://eventing.coursera.org/redirect/WoaWLJdWrcHT7bxj5qIX4Nr3xLQOOzoa1WETzhSpoQs3lTN2ew6414D-fgnrvKb6ULGsmsnsDQ8ss8OpJ_VsJA.LHATE0AtPqKGQqerIJyuWQ.yjP01ExfuQfcOMK7EYmO2XbcctQyhAVUN59b9QxzgSFyGxNOdbo5_HMtb641-lxcfbMo5QaS49nyzwzqCXigFdLqADBMnNGqlG-wUrf2al1gx4q2kuUQLGGALWIIjMpONBUyMBssGz05YpLoySlHpgmv5-CRiNZk7FmVPwz8k2gBhnDdbovfY6xQery1y7fPtP_omYFtN2rIJjQTZVg3Xr1GOn4ONDQcD3H1q1LsP2pQIIzZhuLha60bqIZwGX5eb1hV9J19LeEXZpvuj4CQw6oZ3NGKiMtOsDZ-lhJZEjJqLhVOxlW7PeQsjBWSb_oZTTgKUscL7Cy9jzsuKJKBxUbPNMTF3rbjX9Ih4oHqon6FOCInxQoS268bbW-iZExdn71FP9voI8pvyj_ByjLGTD6iy3Cwy1ykxJCcz-wclEdATMDGOyIB8Ewh-nTqY9GFub65GtrFl6ccwa-nkpAbD0v4pNUBJIiqOi9Eb0bG38m5gOBKEvpND7jMAY2t7KlVXap-ZwYpESVRtc-mm2a03BGziUUHlIqzMtRnZgjzHACt-JkOmqD5eSNnua5g3eNwX4Ol8dXNKod6Wcha4t-tA6Or7eJx9J2wa5XIlc-oksRzWnuzyaZaCwFToL9zzDKjfKjKYc-0eUuB_mg-Trw8g0kFAcaM-YoH6GWbo_xF8s9gW_dQaZAfxTnwUXC3tfpug8MMBFdMLU29wGfTdXuY_Q,Generative AI,Cybersecurity,Privacy,Prompt Injection,Deepfakes
course,"Course on using ChatGPT for cybersecurity, including AI-powered tabletops and training.",https://eventing.coursera.org/redirect/th6qIU8LNmJOTvu7Lfla9oiCgYFMcq4eeFtesuXa9kaOQKCbj4ak9l0OyyEUJcGcseqqF_qfrAzpCsCmUo8hAA.dsdDkcKEra9EGu5evlwNhw.uyAqlmkjUMTtoG7CfHVJV_3ffLekl4Br2Q34Rvj6OOwb2jTKwl7GqU1jvbPeYXBXcZ148hqHgI53dqr2P9oBk4_gh9H27__9zJD7ggc-0Fe9Ph0gqRh0B6N30FyML2T4DfJb6DS_6oKJ72CN-IG4xBRTtmJkidITBssVSOK5AVYaTWn5l5zeDfmrk9vG4qrjBqxGqzgWuRKzMBgrg9a75esaq9tgkIka_GM1HY9Vb2ajN4H-JWWIviKbf5heA9Xc7VXQF5flrL-6eqPpqtQRjnBHGAuHLiukonK-ZD1rU9UuPsNcRnUZhYSDlUDYJlsjwT8KTzG5nt7dDWWKpCZmxh8OGQJjscYAanEFpN08HyK9qHH8CEQ3eK6PP-MzIgnctMOiydXluonjeWVjVUSByRL9koJRZzjTNJ4dkCCzTVJ8ft0gumvBDIBqgVC0Q61QYbHd7uJ1haOvuwcE-h9PISfmLq8eKn8JDB09BnE-d2rh69zsgPa7NpsudqYg8ghCXZcx8tVpIWmCYk-Pffp_1oMIcZ-WwfT3maqG7AwlAw74IvdG7mQzWGX6Kyc5fowbFQGSnyJfQ7O-zEGKr6iH73a_iyKiaiTZReoaKORl-pJ1wqjiGk_QsC7lZYLKoqaV6s_nPdTBX8udiYD1JgiCC_AxwSa7XE3UN58jrhTYC1h6qHKx2F3c6DjGmb-c_AptHHCp0F9J2rsvMl253Me9iw,ChatGPT,Cybersecurity,AI Training,Tabletops,GPTs
course,New short course on building AI assistants for computer use with Anthropic's Claude models.,https://info.deeplearning.ai/e3t/Ctc/LX+113/cJhC404/VW9W8f5ywRljW7tSW122s0g0QW8fXtNV5r6mydN2XT75n3qgyTW95jsWP6lZ3pvN8xvFtKSGzkjW3JQ0Qy4STBypW3rgxjD4Ldjw2MqQvsnkCWrFW75xzBp63BGnpW7j5YN95XQqSwW5B63ZQ7VKYv1W2Qx-Hf1ryq9fN8q12J7s0hG5W6r8lcP5G7vsTW8TGn_L52hN1qN21DC5BrkWW_W1Rr30D1RFtBGVF79Sq1zVz4FW41vS4S7jZGsSW4_FqWg23W7sKW91C4Qb3CqDpfW3rP7vs90bYr1W1QsqcZ1tXPFBW5kdddC4jzzvkVGGMgf8BPDLLV4tZV54jsD3hW5SHYCV2bmB8lF8LhTrdmTKwW8Ypgc-3GyQwzW2-Snhq5nH7M9V6gdDz7kNlH7W2QqLBq3622SfW1ynm0l6m-jyhW1LD5_W5FBvXVf1Pg1yT04,AI Assistant,Prompt Engineering,Anthropic,Claude,Computer Use
course,"Learn to use Claude models, make API requests, format messages, and control parameters.",https://info.deeplearning.ai/e3t/Ctc/LX+113/cJhC404/VW9W8f5ywRljW7tSW122s0g0QW8fXtNV5r6mydN2XT75n3qgyTW95jsWP6lZ3pMW88sP515TDBq2W7hNW0p7-K0SFW2GKKpC42JtbKW5yFKxf7xhwmwW1030ZH4xkt_wW5dJ0HQ6k7l0NW4Zt72x7B5H3hW3wggRk3x9YPtVrSPm452zDz0VBYY7Z28PWcXW90sSw87HfkTWW5KnmX37DYldSW1d1qrK5BnQnhW5H7n_k1K6drlW222Z6K29LMg4W6KQ9yv6-g7zjVz6w9Q2Mnk1hW69Z0gw8KNtDqVMRlY13CwhLbW5SkqcW3RBhcSW4Zm78x815cS4W3DynX017nCY1W4KBMrk96KJqLW4L3xLl25v14_W8QRhld65mXSTN5DLchCPbH51W88gdgJ4SlKw6W76PcJc8P_1CBW25Fxy05z0gKCW3zwn2V26-bQlf94rbns04,API,Claude,Multimodal Prompts,Prompt Caching,Tool Use
new_model,New controllable diffusion model for fingerprint generation.,http://snowplow.apps.clarivate.com/r/tp2?u=https%3A%2F%2Fwww.webofscience.com%2Fapi%2Fgateway%3FGWVersion%3D2%26SrcAuth%3DAlerting%26AlertId%3D6405921a-a136-4dce-a3bf-fdc206f96bc9%26KeyQueryID%3D019f3b5c-e3ac-4133-bab2-e4b091bdbf85%26SrcApp%3Dprofile%26DestApp%3DWOS_CPL%26DestLinkType%3DFullRecord%26KeyUT%3DWOS%3A001395340500035&co=%7B%22schema%22%3A%22iglu%3Acom.snowplowanalytics.snowplow%2Fcontexts%2Fjsonschema%2F1-0-0%22%2C%22data%22%3A%5B%7B%22schema%22%3A%22iglu%3Acom.clarivate.userintel%2Femail_engine%2Fjsonschema%2F1-0-0%22%2C%22data%22%3A%7B%22emailInstId%22%3A%22fdb616bc-2146-4261-9402-f015b49aaf29%22%2C%22eventType%22%3A%22track_link%22%2C%22linkType%22%3A%22alert-wos-click-on-record-link%22%2C%22linkId%22%3A%22%22%7D%7D%5D%7D&e=se&aid=email-eng&se_ac=alert-wos-click-on-record-link,Diffusion Models,Fingerprint Generation,Multimodal,Synthetic Data,Biometrics
new_model,Vision Transformer for interpretable fingerprint matching.,http://snowplow.apps.clarivate.com/r/tp2?u=https%3A%2F%2Fwww.webofscience.com%2Fapi%2Fgateway%3FGWVersion%3D2%26SrcAuth%3DAlerting%26AlertId%3D6405921a-a136-4dce-a3bf-fdc206f96bc9%26KeyQueryID%3D019f3b5c-e3ac-4133-bab2-e4b091bdbf85%26SrcApp%3Dprofile%26DestApp%3DWOS_CPL%26DestLinkType%3DFullRecord%26KeyUT%3DWOS%3A001392786400006&co=%7B%22schema%22%3A%22iglu%3Acom.snowplowanalytics.snowplow%2Fcontexts%2Fjsonschema%2F1-0-0%22%2C%22data%22%3A%5B%7B%22schema%22%3A%22iglu%3Acom.clarivate.userintel%2Femail_engine%2Fjsonschema%2F1-0-0%22%2C%22data%22%3A%7B%22emailInstId%22%3A%22fdb616bc-2146-4261-9402-f015b49aaf29%22%2C%22eventType%22%3A%22track_link%22%2C%22linkType%22%3A%22alert-wos-click-on-record-link%22%2C%22linkId%22%3A%22%22%7D%7D%5D%7D&e=se&aid=email-eng&se_ac=alert-wos-click-on-record-link,Vision Transformer,Fingerprint Matching,Interpretability,Feature Points,Biometrics
new_model,"Amazon releases Nova, a family of multimodal AI models competing with GPT and Claude.",https://link.alphasignal.ai/MHJg0l,multimodal,AI models,Amazon,Nova,bedrock
course,"Attend the free GenAI Virtual Conference ft. Meta, Mistral, HuggingFace, and more.",https://link.alphasignal.ai/5b0n7y,GenAI,conference,virtual,Meta,Mistral
product_or_tool,"ElevenLabs adds AI agents with low latency, full configurability and scalability.",https://link.alphasignal.ai/S3Ytnw,AI agents,ElevenLabs,low latency,configurability,scalability
new_model,Nous Research trains a 15B parameter language model over the internet.,https://link.alphasignal.ai/hD9I1f,language model,Nous Research,15B,pre-training,internet
funding,Anthropic creates a Fellows program for frontier AI safety research transition.,https://link.alphasignal.ai/a4X4V9,AI safety,Anthropic,Fellows program,research,frontier
product_or_tool,"Cohere releases model to search complex data like documents, emails, tables, code",https://link.alphasignal.ai/IAbY9h,search,Cohere,complex data,documents,emails
product_or_tool,ZenML unveils a database of how companies deploy LLMs in production.,https://link.alphasignal.ai/8XxtZR,LLMs,deployment,database,ZenML,production
new_model,"QwQ-32B-Preview is the smartest open model, excelling in analytical and reasoning.",https://link.alphasignal.ai/KTRNIm,open model,QwQ-32B-Preview,analytical,reasoning,benchmarks
new_model,LTX-Video is a DiT-based video generation model capable of generating high-quality real-time videos.,https://link.alphasignal.ai/Ob4QFU,video generation,LTX-Video,DiT,real-time,high-quality
product_or_tool,Microsoft OmniParser interprets UI screenshot to structured format.,https://link.alphasignal.ai/y6dkNG,screen parsing,Microsoft,OmniParser,UI,structured format
course,"Google's 5-Day Gen AI Intensive Course, for mastering GenAI concepts and tools",https://link.alphasignal.ai/JKpCFm,GenAI,Google,intensive course,self-paced,AI tools
new_model,OpenAI plans AGI workforce agents in 2025 for data analysis and problem-solving.,https://link.alphasignal.ai/ghJkWL,AGI,OpenAI,Workforce Agents,Data Analysis,Problem Solving
product_or_tool,AskUI is a lightweight AI model and Python framework for cross-platform GUI automation.,https://link.alphasignal.ai/wSxArY,GUI Automation,AI Model,Python Framework,Cross-Platform,Automation
new_model,NVIDIA unveils Llama Nemotron models for AI agents with 4x efficiency.,https://link.alphasignal.ai/IXENQD,NVIDIA,Llama Nemotron,AI Agents,Efficiency,LLMs
product_or_tool,"Google AI Studio is now a PWA, accessible on desktop, iOS, and Android.",https://link.alphasignal.ai/YIyZ0E,Google AI Studio,PWA,Gemini,Cross-Platform,AI Tool
product_or_tool,BlackForestLabs offers FLUX models and 3D AI tools on Hugging Face and NVIDIA.,https://link.alphasignal.ai/91R04B,BlackForestLabs,FLUX Models,3D AI,Hugging Face,NVIDIA
new_model,"Crawl4AI: AI-ready web crawler, 6x faster, for data pipelines.",https://link.alphasignal.ai/zkqttC,Web Crawler,Data Pipelines,AI-Ready,Smart Extraction,Fast
code,"storm: Research topics, write Wikipedia-like articles with human-LM collaboration.",https://link.alphasignal.ai/bn5bkB,Research Tool,Wikipedia,Human-LM Collaboration,Knowledge Curation,Article Generation
code,AI Hedge Fund: Simulate AI trading signals with LangChain agents for education.,https://link.alphasignal.ai/Xzu5yS,AI Trading,LangChain,Educational Tool,Trading Signals,Agents
tutorial,"NVIDIA CES 2025 keynote reveals physical AI, gaming GPUs, and DIGITS.",https://link.alphasignal.ai/HZ4Z0L,NVIDIA,CES 2025,Physical AI,Gaming GPUs,DIGITS
